Name,Account Number,PIN,Balance,Salary
Grace Yellow,45042,5185,69553,12733
Jane Smith,85965,3190,64865,19846
Alice Johnson,48360,1610,21162,13265
Grace Yellow,80624,9324,70408,14860
Alice Johnson,53525,8201,28238,19226
Eva Green,93363,2272,36763,17892
Bob Brown,78260,2282,69659,14374
Kiriti Aajad,54994,3248,88276,15875
David Black,23377,6128,48362,16745
Charlie White,92877,8001,14016,13469
Grace Yellow,31014,6196,39200,10706
Kiriti Aajad,88291,4285,79793,12600
Bob Brown,13607,1788,55036,12223
John Doe,40965,1427,47134,17769
Eva Green,88477,7582,86401,12898
Frank Blue,24932,9398,20668,19894
Eva Green,71237,3059,93004,10538
Bob Brown,27412,3316,70637,16217
David Black,86470,7754,11091,16922
John Doe,77375,6653,46259,16037
Jane Smith,82146,4093,57833,12164
David Black,85815,6839,43726,15073
Alice Johnson,48136,4187,9618,14852
Jane Smith,90868,3159,70573,17878
Eva Green,61700,2545,89517,12047
Charlie White,62821,7122,96490,11872
Alice Johnson,70966,1595,99937,17600
Alice Johnson,83182,1832,53962,12497
Frank Blue,13778,2918,98769,18292
Bob Brown,18206,4818,32775,10756
Eva Green,75763,8339,15994,10798
Kiriti Aajad,83358,3626,40410,10660
Jane Smith,60683,3789,46036,13220
John Doe,64498,7110,30308,18616
Grace Yellow,36814,8661,57860,17457
Charlie White,30815,5726,44915,13338
Frank Blue,41296,5056,76934,12746
David Black,34841,4257,72696,14736
Alice Johnson,45661,9720,27246,18737
John Doe,70804,6001,48255,16688
David Black,68452,2819,82576,10715
Jane Smith,91666,1821,68323,12293
Alice Johnson,96644,1563,35864,18344
Eva Green,73724,1155,46230,11208
Eva Green,97865,5114,9635,16173
Alice Johnson,21756,3093,52780,18995
John Doe,60315,6857,18158,17222
David Black,67958,7831,5609,16022
Jane Smith,28637,4241,92950,13623
Alice Johnson,61505,7210,75537,13561
Kiriti Aajad,97379,6360,17136,18949
Jane Smith,13184,6062,54325,11642
Charlie White,17738,8744,61864,14985
Grace Yellow,89348,5262,30449,14354
Jane Smith,72227,3002,23875,18623
Charlie White,39667,9175,56184,17251
Kiriti Aajad,47581,8176,50329,14188
John Doe,30067,5862,69040,12660
Grace Yellow,27760,4586,73928,19782
John Doe,31579,3889,98001,12957
David Black,51456,2921,40329,
David Black,91548,2303,92146,14421
Charlie White,58209,8968,78303,17109
David Black,38765,5792,84152,11072
Eva Green,65651,8896,73282,15252
David Black,12162,4001,83062,17013
David Black,36094,8750,62034,
Jane Smith,79944,3385,75938,13919
John Doe,24531,7642,16290,19360
Alice Johnson,30219,5002,36558,11685
David Black,49611,4680,14942,17099
Grace Yellow,99436,3421,21603,12958
Alice Johnson,80801,8935,52966,
Eva Green,52884,2753,92861,18753
Frank Blue,32294,4246,94627,19798
Grace Yellow,76194,7226,61624,15796
Eva Green,62531,6951,41185,11473
Frank Blue,82891,4380,40057,17264
Alice Johnson,62192,1268,33820,17366
Jane Smith,24436,3753,34556,18449
David Black,63276,2304,18191,
Alice Johnson,86759,7033,21149,13763
Frank Blue,97956,3287,52297,19009
Bob Brown,34297,1681,24416,12436
John Doe,69438,7014,42831,11635
Alice Johnson,24790,7458,70630,
Grace Yellow,92898,9147,8858,14465
Frank Blue,72241,5623,65566,18394
Eva Green,47233,3951,87371,12419
Grace Yellow,36694,9806,5473,13456
Eva Green,71056,3876,54234,
John Doe,99107,6883,66555,15820
Kiriti Aajad,85925,8214,42538,16522
Charlie White,48894,6107,57445,
Bob Brown,54484,4220,31558,17743
Frank Blue,29058,5410,66171,19124
Kiriti Aajad,27548,4020,67542,16739
Kiriti Aajad,71019,1168,48766,12788
John Doe,84953,9975,24869,17317
Jane Smith,21239,7272,52992,
Raju Kumar,1138,9087,7834,12611
Raju Kumar,1138,9087,7834,15532
Raju Kumar,1138,9087,7834,16927
